{
  "table_markdown": "| Mode | Recall@5 | Recall@10 | MRR |\n|---|---:|---:|---:|\n| dense | 0.900 | 0.900 | 0.703 |\n| bm25 | 0.700 | 0.900 | 0.462 |\n| hybrid | 0.800 | 0.900 | 0.700 |\n| hybrid_rerank | 1.000 | 1.000 | 0.770 |",
  "modes": {
    "dense": {
      "recall_at_5": 0.9,
      "recall_at_10": 0.9,
      "mrr": 0.7033333333333334
    },
    "bm25": {
      "recall_at_5": 0.7,
      "recall_at_10": 0.9,
      "mrr": 0.4622222222222222
    },
    "hybrid": {
      "recall_at_5": 0.8,
      "recall_at_10": 0.9,
      "mrr": 0.7
    },
    "hybrid_rerank": {
      "recall_at_5": 1.0,
      "recall_at_10": 1.0,
      "mrr": 0.77
    }
  }
}
